stock,variable,year,mean,sd,lower,upper,status
Lobatus gigas,b_div_bmsy,2019,1.35732517066483,0.180465911903418,1.016234826908,1.78587953203668,Underfished
Lobatus gigas_2,b_div_bmsy,2019,0.99999795480981,0.208042651599653,0.712850088581223,1.38811694696848,Fully fished
Lutjanus synagris,b_div_bmsy,2019,0.919009236153873,0.180906248932517,0.687006288745374,1.20776425302439,Fully fished
Ocyurus chrysurus,b_div_bmsy,2019,0.48935504348397,0.152073912487148,0.388778011426299,0.62486529382787,Overfished
Panulirus argus,b_div_bmsy,2019,1.96727313316957,0.116373519205865,1.6254465498625,2.351803345553,Underfished
Panulirus argus_2,b_div_bmsy,2019,1.12495333629255,0.135955333891209,0.910514929793333,1.39720859511555,Fully fished
Panulirus argus_3,b_div_bmsy,2019,1.04863955728244,0.160770778399823,0.806266579513954,1.34490808196677,Fully fished
